Symbol,Security,SEC filings,GICS Sector,GICS Sub-Industry
MMM,3M,reports,Industrials,Industrial Conglomerates
AOS,A. O. Smith,reports,Industrials,Building Products
ABT,Abbott,reports,Health Care,Health Care Equipment
ABBV,AbbVie,reports,Health Care,Pharmaceuticals
ABMD,Abiomed,reports,Health Care,Health Care Equipment
ACN,Accenture,reports,Information Technology,IT Consulting & Other Services
ATVI,Activision Blizzard,reports,Communication Services,Interactive Home Entertainment
ADM,ADM,reports,Consumer Staples,Agricultural Products
ADBE,Adobe,reports,Information Technology,Application Software
ADP,ADP,reports,Information Technology,Data Processing & Outsourced Services
AAP,Advance Auto Parts,reports,Consumer Discretionary,Automotive Retail
AES,AES,reports,Utilities,Independent Power Producers & Energy Traders
AFL,Aflac,reports,Financials,Life & Health Insurance
A,Agilent Technologies,reports,Health Care,Health Care Equipment
AIG,AIG,reports,Financials,Property & Casualty Insurance
APD,Air Products,reports,Materials,Industrial Gases
AKAM,Akamai,reports,Information Technology,Internet Services & Infrastructure
ALK,Alaska Air Group,reports,Industrials,Airlines
ALB,Albemarle,reports,Materials,Specialty Chemicals
ARE,Alexandria Real Estate Equities,reports,Real Estate,Office REITs
ALGN,Align,reports,Health Care,Health Care Supplies
ALLE,Allegion,reports,Industrials,Building Products
LNT,Alliant Energy,reports,Utilities,Electric Utilities
ALL,Allstate,reports,Financials,Property & Casualty Insurance
GOOGL,Alphabet (Class A),reports,Communication Services,Interactive Media & Services
GOOG,Alphabet (Class C),reports,Communication Services,Interactive Media & Services
MO,Altria,reports,Consumer Staples,Tobacco
AMZN,Amazon,reports,Consumer Discretionary,Internet & Direct Marketing Retail
AMCR,Amcor,reports,Materials,Paper Packaging
AMD,AMD,reports,Information Technology,Semiconductors
AEE,Ameren,reports,Utilities,Multi-Utilities
AAL,American Airlines Group,reports,Industrials,Airlines
AEP,American Electric Power,reports,Utilities,Electric Utilities
AXP,American Express,reports,Financials,Consumer Finance
AMT,American Tower,reports,Real Estate,Specialized REITs
AWK,American Water,reports,Utilities,Water Utilities
AMP,Ameriprise Financial,reports,Financials,Asset Management & Custody Banks
ABC,AmerisourceBergen,reports,Health Care,Health Care Distributors
AME,Ametek,reports,Industrials,Electrical Components & Equipment
AMGN,Amgen,reports,Health Care,Biotechnology
APH,Amphenol,reports,Information Technology,Electronic Components
ADI,Analog Devices,reports,Information Technology,Semiconductors
ANSS,Ansys,reports,Information Technology,Application Software
ANTM,Anthem,reports,Health Care,Managed Health Care
AON,Aon,reports,Financials,Insurance Brokers
APA,APA Corporation,reports,Energy,Oil & Gas Exploration & Production
AAPL,Apple,reports,Information Technology,"Technology Hardware, Storage & Peripherals"
AMAT,Applied Materials,reports,Information Technology,Semiconductor Equipment
APTV,Aptiv,reports,Consumer Discretionary,Auto Parts & Equipment
ANET,Arista,reports,Information Technology,Communications Equipment
AJG,Arthur J. Gallagher & Co.,reports,Financials,Insurance Brokers
AIZ,Assurant,reports,Financials,Multi-line Insurance
T,AT&T,reports,Communication Services,Integrated Telecommunication Services
ATO,Atmos Energy,reports,Utilities,Gas Utilities
ADSK,Autodesk,reports,Information Technology,Application Software
AZO,AutoZone,reports,Consumer Discretionary,Specialty Stores
AVB,AvalonBay Communities,reports,Real Estate,Residential REITs
AVY,Avery Dennison,reports,Materials,Paper Packaging
BKR,Baker Hughes,reports,Energy,Oil & Gas Equipment & Services
BLL,Ball,reports,Materials,Metal & Glass Containers
BAC,Bank of America,reports,Financials,Diversified Banks
BBWI,Bath & Body Works,reports,Consumer Discretionary,Specialty Stores
BAX,Baxter,reports,Health Care,Health Care Equipment
BDX,Becton Dickinson,reports,Health Care,Health Care Equipment
BRK.B,Berkshire Hathaway,reports,Financials,Multi-Sector Holdings
BBY,Best Buy,reports,Consumer Discretionary,Computer & Electronics Retail
BIO,Bio-Rad,reports,Health Care,Life Sciences Tools & Services
TECH,Bio-Techne,reports,Health Care,Life Sciences Tools & Services
BIIB,Biogen,reports,Health Care,Biotechnology
BLK,BlackRock,reports,Financials,Asset Management & Custody Banks
BK,BNY Mellon,reports,Financials,Asset Management & Custody Banks
BA,Boeing,reports,Industrials,Aerospace & Defense
BKNG,Booking Holdings,reports,Consumer Discretionary,Internet & Direct Marketing Retail
BWA,BorgWarner,reports,Consumer Discretionary,Auto Parts & Equipment
BXP,Boston Properties,reports,Real Estate,Office REITs
BSX,Boston Scientific,reports,Health Care,Health Care Equipment
BMY,Bristol Myers Squibb,reports,Health Care,Health Care Distributors
AVGO,Broadcom,reports,Information Technology,Semiconductors
BR,Broadridge,reports,Information Technology,Data Processing & Outsourced Services
BRO,Brown & Brown,reports,Financials,Insurance Brokers
BF.B,Brown–Forman,reports,Consumer Staples,Distillers & Vintners
CHRW,C. H. Robinson,reports,Industrials,Air Freight & Logistics
CDNS,Cadence,reports,Information Technology,Application Software
CZR,Caesars Entertainment,reports,Consumer Discretionary,Casinos & Gaming
CPB,Campbell's,reports,Consumer Staples,Packaged Foods & Meats
COF,Capital One,reports,Financials,Consumer Finance
CAH,Cardinal Health,reports,Health Care,Health Care Distributors
KMX,CarMax,reports,Consumer Discretionary,Specialty Stores
CCL,Carnival Corporation,reports,Consumer Discretionary,"Hotels, Resorts & Cruise Lines"
CARR,Carrier Global,reports,Industrials,Building Products
CTLT,Catalent,reports,Health Care,Pharmaceuticals
CAT,Caterpillar,reports,Industrials,Construction Machinery & Heavy Trucks
CBOE,Cboe,reports,Financials,Financial Exchanges & Data
CBRE,CBRE,reports,Real Estate,Real Estate Services
CDW,CDW,reports,Information Technology,Technology Distributors
CE,Celanese,reports,Materials,Specialty Chemicals
CNC,Centene,reports,Health Care,Managed Health Care
CNP,CenterPoint Energy,reports,Utilities,Multi-Utilities
CDAY,Ceridian,reports,Information Technology,Application Software
CERN,Cerner,reports,Health Care,Health Care Technology
CF,CF Industries,reports,Materials,Fertilizers & Agricultural Chemicals
CRL,Charles River,reports,Health Care,Life Sciences Tools & Services
SCHW,Charles Schwab,reports,Financials,Investment Banking & Brokerage
CHTR,Charter Communications,reports,Communication Services,Cable & Satellite
CVX,Chevron,reports,Energy,Integrated Oil & Gas
CMG,Chipotle Mexican Grill,reports,Consumer Discretionary,Restaurants
CB,Chubb,reports,Financials,Property & Casualty Insurance
CHD,Church & Dwight,reports,Consumer Staples,Household Products
CI,Cigna,reports,Health Care,Managed Health Care
CINF,Cincinnati Financial,reports,Financials,Property & Casualty Insurance
CTAS,Cintas,reports,Industrials,Diversified Support Services
CSCO,Cisco,reports,Information Technology,Communications Equipment
C,Citigroup,reports,Financials,Diversified Banks
CFG,Citizens Financial Group,reports,Financials,Regional Banks
CTXS,Citrix,reports,Information Technology,Application Software
CLX,Clorox,reports,Consumer Staples,Household Products
CME,CME Group,reports,Financials,Financial Exchanges & Data
CMS,CMS Energy,reports,Utilities,Multi-Utilities
KO,Coca-Cola,reports,Consumer Staples,Soft Drinks
CTSH,Cognizant,reports,Information Technology,IT Consulting & Other Services
CL,Colgate-Palmolive,reports,Consumer Staples,Household Products
CMCSA,Comcast,reports,Communication Services,Cable & Satellite
CMA,Comerica,reports,Financials,Diversified Banks
CAG,Conagra Brands,reports,Consumer Staples,Packaged Foods & Meats
COP,ConocoPhillips,reports,Energy,Oil & Gas Exploration & Production
ED,Con Edison,reports,Utilities,Electric Utilities
STZ,Constellation Brands,reports,Consumer Staples,Distillers & Vintners
CEG,Constellation Energy,reports,Utilities,Multi-Utilities
COO,CooperCompanies,reports,Health Care,Health Care Supplies
CPRT,Copart,reports,Industrials,Diversified Support Services
GLW,Corning,reports,Information Technology,Electronic Components
CTVA,Corteva,reports,Materials,Fertilizers & Agricultural Chemicals
COST,Costco,reports,Consumer Staples,Hypermarkets & Super Centers
CTRA,Coterra,reports,Energy,Oil & Gas Exploration & Production
CCI,Crown Castle,reports,Real Estate,Specialized REITs
CSX,CSX,reports,Industrials,Railroads
CMI,Cummins,reports,Industrials,Industrial Machinery
CVS,CVS Health,reports,Health Care,Health Care Services
DHI,D. R. Horton,reports,Consumer Discretionary,Homebuilding
DHR,Danaher,reports,Health Care,Health Care Equipment
DRI,Darden,reports,Consumer Discretionary,Restaurants
DVA,DaVita,reports,Health Care,Health Care Facilities
DE,Deere & Co.,reports,Industrials,Agricultural & Farm Machinery
DAL,Delta Air Lines,reports,Industrials,Airlines
XRAY,Dentsply Sirona,reports,Health Care,Health Care Supplies
DVN,Devon Energy,reports,Energy,Oil & Gas Exploration & Production
DXCM,DexCom,reports,Health Care,Health Care Equipment
FANG,Diamondback,reports,Energy,Oil & Gas Exploration & Production
DLR,Digital Realty,reports,Real Estate,Specialized REITs
DFS,Discover,reports,Financials,Consumer Finance
DISCA,Discovery (Series A),reports,Communication Services,Broadcasting
DISCK,Discovery (Series C),reports,Communication Services,Broadcasting
DISH,Dish,reports,Communication Services,Cable & Satellite
DG,Dollar General,reports,Consumer Discretionary,General Merchandise Stores
DLTR,Dollar Tree,reports,Consumer Discretionary,General Merchandise Stores
D,Dominion Energy,reports,Utilities,Electric Utilities
DPZ,Domino's,reports,Consumer Discretionary,Restaurants
DOV,Dover,reports,Industrials,Industrial Machinery
DOW,Dow,reports,Materials,Commodity Chemicals
DTE,DTE,reports,Utilities,Multi-Utilities
DUK,Duke Energy,reports,Utilities,Electric Utilities
DRE,Duke Realty,reports,Real Estate,Industrial REITs
DD,DuPont,reports,Materials,Specialty Chemicals
DXC,DXC Technology,reports,Information Technology,IT Consulting & Other Services
EMN,Eastman,reports,Materials,Diversified Chemicals
ETN,Eaton,reports,Industrials,Electrical Components & Equipment
EBAY,eBay,reports,Consumer Discretionary,Internet & Direct Marketing Retail
ECL,Ecolab,reports,Materials,Specialty Chemicals
EIX,Edison International,reports,Utilities,Electric Utilities
EW,Edwards Lifesciences,reports,Health Care,Health Care Equipment
EA,Electronic Arts,reports,Communication Services,Interactive Home Entertainment
EMR,Emerson,reports,Industrials,Electrical Components & Equipment
ENPH,Enphase,reports,Information Technology,Electronic Components
ETR,Entergy,reports,Utilities,Electric Utilities
EOG,EOG Resources,reports,Energy,Oil & Gas Exploration & Production
EPAM,EPAM,reports,Information Technology,IT Consulting & Other Services
EFX,Equifax,reports,Industrials,Research & Consulting Services
EQIX,Equinix,reports,Real Estate,Specialized REITs
EQR,Equity Residential,reports,Real Estate,Residential REITs
ESS,Essex,reports,Real Estate,Residential REITs
EL,Estée Lauder Companies,reports,Consumer Staples,Personal Products
ETSY,Etsy,reports,Consumer Discretionary,Internet & Direct Marketing Retail
RE,Everest,reports,Financials,Reinsurance
EVRG,Evergy,reports,Utilities,Electric Utilities
ES,Eversource,reports,Utilities,Multi-Utilities
EXC,Exelon,reports,Utilities,Multi-Utilities
EXPE,Expedia Group,reports,Consumer Discretionary,Internet & Direct Marketing Retail
EXPD,Expeditors,reports,Industrials,Air Freight & Logistics
EXR,Extra Space Storage,reports,Real Estate,Specialized REITs
XOM,ExxonMobil,reports,Energy,Integrated Oil & Gas
FFIV,F5,reports,Information Technology,Communications Equipment
FDS,FactSet,reports,Financials,Financial Exchanges & Data
FAST,Fastenal,reports,Industrials,Building Products
FRT,Federal Realty,reports,Real Estate,Retail REITs
FDX,FedEx,reports,Industrials,Air Freight & Logistics
FITB,Fifth Third Bancorp,reports,Financials,Regional Banks
FRC,First Republic,reports,Financials,Regional Banks
FE,FirstEnergy,reports,Utilities,Electric Utilities
FIS,FIS,reports,Information Technology,Data Processing & Outsourced Services
FISV,Fiserv,reports,Information Technology,Data Processing & Outsourced Services
FLT,Fleetcor,reports,Information Technology,Data Processing & Outsourced Services
FMC,FMC,reports,Materials,Fertilizers & Agricultural Chemicals
F,Ford,reports,Consumer Discretionary,Automobile Manufacturers
FTNT,Fortinet,reports,Information Technology,Systems Software
FTV,Fortive,reports,Industrials,Industrial Machinery
FBHS,Fortune Brands,reports,Industrials,Building Products
FOXA,Fox Corporation (Class A),reports,Communication Services,Movies & Entertainment
FOX,Fox Corporation (Class B),reports,Communication Services,Movies & Entertainment
BEN,Franklin Resources,reports,Financials,Asset Management & Custody Banks
FCX,Freeport-McMoRan,reports,Materials,Copper
GRMN,Garmin,reports,Consumer Discretionary,Consumer Electronics
IT,Gartner,reports,Information Technology,IT Consulting & Other Services
GE,GE,reports,Industrials,Industrial Conglomerates
GNRC,Generac,reports,Industrials,Electrical Components & Equipment
GD,General Dynamics,reports,Industrials,Aerospace & Defense
GIS,General Mills,reports,Consumer Staples,Packaged Foods & Meats
GPC,Genuine Parts,reports,Consumer Discretionary,Specialty Stores
GILD,Gilead Sciences,reports,Health Care,Biotechnology
GL,Globe Life,reports,Financials,Life & Health Insurance
GPN,Global Payments,reports,Information Technology,Data Processing & Outsourced Services
GM,GM,reports,Consumer Discretionary,Automobile Manufacturers
GS,Goldman Sachs,reports,Financials,Investment Banking & Brokerage
GWW,Grainger,reports,Industrials,Industrial Machinery
HAL,Halliburton,reports,Energy,Oil & Gas Equipment & Services
HIG,The Hartford,reports,Financials,Property & Casualty Insurance
HAS,Hasbro,reports,Consumer Discretionary,Leisure Products
HCA,HCA Healthcare,reports,Health Care,Health Care Facilities
PEAK,Healthpeak Properties,reports,Real Estate,Health Care REITs
HSIC,Henry Schein,reports,Health Care,Health Care Distributors
HSY,The Hershey Company,reports,Consumer Staples,Packaged Foods & Meats
HES,Hess Corporation,reports,Energy,Integrated Oil & Gas
HPE,Hewlett Packard Enterprise,reports,Information Technology,"Technology Hardware, Storage & Peripherals"
HLT,Hilton Worldwide,reports,Consumer Discretionary,"Hotels, Resorts & Cruise Lines"
HOLX,Hologic,reports,Health Care,Health Care Equipment
HD,Home Depot,reports,Consumer Discretionary,Home Improvement Retail
HON,Honeywell,reports,Industrials,Industrial Conglomerates
HRL,Hormel,reports,Consumer Staples,Packaged Foods & Meats
HST,Host Hotels & Resorts,reports,Real Estate,Hotel & Resort REITs
HWM,Howmet Aerospace,reports,Industrials,Aerospace & Defense
HPQ,HP,reports,Information Technology,"Technology Hardware, Storage & Peripherals"
HUM,Humana,reports,Health Care,Managed Health Care
HBAN,Huntington Bancshares,reports,Financials,Regional Banks
HII,Huntington Ingalls Industries,reports,Industrials,Aerospace & Defense
IEX,IDEX Corporation,reports,Industrials,Industrial Machinery
IDXX,Idexx Laboratories,reports,Health Care,Health Care Equipment
INFO,IHS Markit,reports,Industrials,Research & Consulting Services
ITW,Illinois Tool Works,reports,Industrials,Industrial Machinery
ILMN,Illumina,reports,Health Care,Life Sciences Tools & Services
INCY,Incyte,reports,Health Care,Biotechnology
IR,Ingersoll Rand,reports,Industrials,Industrial Machinery
INTC,Intel,reports,Information Technology,Semiconductors
ICE,Intercontinental Exchange,reports,Financials,Financial Exchanges & Data
IBM,IBM,reports,Information Technology,IT Consulting & Other Services
IP,International Paper,reports,Materials,Paper Packaging
IPG,Interpublic Group,reports,Communication Services,Advertising
IFF,International Flavors & Fragrances,reports,Materials,Specialty Chemicals
INTU,Intuit,reports,Information Technology,Application Software
ISRG,Intuitive Surgical,reports,Health Care,Health Care Equipment
IVZ,Invesco,reports,Financials,Asset Management & Custody Banks
IPGP,IPG Photonics,reports,Information Technology,Electronic Manufacturing Services
IQV,IQVIA,reports,Health Care,Life Sciences Tools & Services
IRM,Iron Mountain,reports,Real Estate,Specialized REITs
JKHY,Jack Henry & Associates,reports,Information Technology,Data Processing & Outsourced Services
J,Jacobs Engineering Group,reports,Industrials,Construction & Engineering
JBHT,J. B. Hunt,reports,Industrials,Trucking
SJM,JM Smucker,reports,Consumer Staples,Packaged Foods & Meats
JNJ,Johnson & Johnson,reports,Health Care,Pharmaceuticals
JCI,Johnson Controls,reports,Industrials,Building Products
JPM,JPMorgan Chase,reports,Financials,Diversified Banks
JNPR,Juniper Networks,reports,Information Technology,Communications Equipment
K,Kellogg's,reports,Consumer Staples,Packaged Foods & Meats
KEY,KeyCorp,reports,Financials,Regional Banks
KEYS,Keysight Technologies,reports,Information Technology,Electronic Equipment & Instruments
KMB,Kimberly-Clark,reports,Consumer Staples,Household Products
KIM,Kimco Realty,reports,Real Estate,Retail REITs
KMI,Kinder Morgan,reports,Energy,Oil & Gas Storage & Transportation
KLAC,KLA Corporation,reports,Information Technology,Semiconductor Equipment
KHC,Kraft Heinz,reports,Consumer Staples,Packaged Foods & Meats
KR,Kroger,reports,Consumer Staples,Food Retail
LHX,L3Harris Technologies,reports,Industrials,Aerospace & Defense
LH,LabCorp,reports,Health Care,Health Care Services
LRCX,Lam Research,reports,Information Technology,Semiconductor Equipment
LW,Lamb Weston,reports,Consumer Staples,Packaged Foods & Meats
LVS,Las Vegas Sands,reports,Consumer Discretionary,Casinos & Gaming
LDOS,Leidos,reports,Industrials,Diversified Support Services
LEN,Lennar,reports,Consumer Discretionary,Homebuilding
LLY,Eli Lilly,reports,Health Care,Pharmaceuticals
LNC,Lincoln National,reports,Financials,Multi-line Insurance
LIN,Linde,reports,Materials,Industrial Gases
LYV,Live Nation Entertainment,reports,Communication Services,Movies & Entertainment
LKQ,LKQ Corporation,reports,Consumer Discretionary,Distributors
LMT,Lockheed Martin,reports,Industrials,Aerospace & Defense
L,Loews Corporation,reports,Financials,Multi-line Insurance
LOW,Lowe's,reports,Consumer Discretionary,Home Improvement Retail
LUMN,Lumen Technologies,reports,Communication Services,Alternative Carriers
LYB,LyondellBasell,reports,Materials,Specialty Chemicals
MTB,M&T Bank,reports,Financials,Regional Banks
MRO,Marathon Oil,reports,Energy,Oil & Gas Exploration & Production
MPC,Marathon Petroleum,reports,Energy,Oil & Gas Refining & Marketing
MKTX,MarketAxess,reports,Financials,Financial Exchanges & Data
MAR,Marriott International,reports,Consumer Discretionary,"Hotels, Resorts & Cruise Lines"
MMC,Marsh & McLennan,reports,Financials,Insurance Brokers
MLM,Martin Marietta Materials,reports,Materials,Construction Materials
MAS,Masco,reports,Industrials,Building Products
MA,Mastercard,reports,Information Technology,Data Processing & Outsourced Services
MTCH,Match Group,reports,Communication Services,Interactive Media & Services
MKC,McCormick & Company,reports,Consumer Staples,Packaged Foods & Meats
MCD,McDonald's,reports,Consumer Discretionary,Restaurants
MCK,McKesson Corporation,reports,Health Care,Health Care Distributors
MDT,Medtronic,reports,Health Care,Health Care Equipment
MRK,Merck,reports,Health Care,Pharmaceuticals
FB,Meta Platforms,reports,Communication Services,Interactive Media & Services
MET,MetLife,reports,Financials,Life & Health Insurance
MTD,Mettler Toledo,reports,Health Care,Life Sciences Tools & Services
MGM,MGM Resorts International,reports,Consumer Discretionary,Casinos & Gaming
MCHP,Microchip Technology,reports,Information Technology,Semiconductors
MU,Micron Technology,reports,Information Technology,Semiconductors
MSFT,Microsoft,reports,Information Technology,Systems Software
MAA,Mid-America Apartments,reports,Real Estate,Residential REITs
MRNA,Moderna,reports,Health Care,Biotechnology
MHK,Mohawk Industries,reports,Consumer Discretionary,Home Furnishings
TAP,Molson Coors,reports,Consumer Staples,Brewers
MDLZ,Mondelez International,reports,Consumer Staples,Packaged Foods & Meats
MPWR,Monolithic Power Systems,reports,Information Technology,Semiconductors
MNST,Monster Beverage,reports,Consumer Staples,Soft Drinks
MCO,Moody's,reports,Financials,Financial Exchanges & Data
MS,Morgan Stanley,reports,Financials,Investment Banking & Brokerage
MOS,The Mosaic Company,reports,Materials,Fertilizers & Agricultural Chemicals
MSI,Motorola Solutions,reports,Information Technology,Communications Equipment
MSCI,MSCI,reports,Financials,Financial Exchanges & Data
NDAQ,Nasdaq,reports,Financials,Financial Exchanges & Data
NTAP,NetApp,reports,Information Technology,"Technology Hardware, Storage & Peripherals"
NFLX,Netflix,reports,Communication Services,Movies & Entertainment
NWL,Newell Brands,reports,Consumer Discretionary,Housewares & Specialties
NEM,Newmont,reports,Materials,Gold
NWSA,News Corp (Class A),reports,Communication Services,Publishing
NWS,News Corp (Class B),reports,Communication Services,Publishing
NEE,NextEra Energy,reports,Utilities,Multi-Utilities
NLSN,Nielsen Holdings,reports,Industrials,Research & Consulting Services
NKE,Nike,reports,Consumer Discretionary,"Apparel, Accessories & Luxury Goods"
NI,NiSource,reports,Utilities,Multi-Utilities
NSC,Norfolk Southern,reports,Industrials,Railroads
NTRS,Northern Trust,reports,Financials,Asset Management & Custody Banks
NOC,Northrop Grumman,reports,Industrials,Aerospace & Defense
NLOK,NortonLifeLock,reports,Information Technology,Application Software
NCLH,Norwegian Cruise Line Holdings,reports,Consumer Discretionary,"Hotels, Resorts & Cruise Lines"
NRG,NRG Energy,reports,Utilities,Independent Power Producers & Energy Traders
NUE,Nucor,reports,Materials,Steel
NVDA,Nvidia,reports,Information Technology,Semiconductors
NVR,NVR,reports,Consumer Discretionary,Homebuilding
NXPI,NXP,reports,Information Technology,Semiconductors
ORLY,O'Reilly Automotive,reports,Consumer Discretionary,Specialty Stores
OXY,Occidental Petroleum,reports,Energy,Oil & Gas Exploration & Production
ODFL,Old Dominion Freight Line,reports,Industrials,Trucking
OMC,Omnicom Group,reports,Communication Services,Advertising
OKE,Oneok,reports,Energy,Oil & Gas Storage & Transportation
ORCL,Oracle,reports,Information Technology,Application Software
OGN,Organon & Co.,reports,Health Care,Pharmaceuticals
OTIS,Otis Worldwide,reports,Industrials,Industrial Machinery
PCAR,Paccar,reports,Industrials,Construction Machinery & Heavy Trucks
PKG,Packaging Corporation of America,reports,Materials,Paper Packaging
PH,Parker-Hannifin,reports,Industrials,Industrial Machinery
PAYX,Paychex,reports,Information Technology,Data Processing & Outsourced Services
PAYC,Paycom,reports,Information Technology,Application Software
PYPL,PayPal,reports,Information Technology,Data Processing & Outsourced Services
PENN,Penn National Gaming,reports,Consumer Discretionary,Casinos & Gaming
PNR,Pentair,reports,Industrials,Industrial Machinery
PBCT,People's United Financial,reports,Financials,Thrifts & Mortgage Finance
PEP,PepsiCo,reports,Consumer Staples,Soft Drinks
PKI,PerkinElmer,reports,Health Care,Health Care Equipment
PFE,Pfizer,reports,Health Care,Pharmaceuticals
PM,Philip Morris International,reports,Consumer Staples,Tobacco
PSX,Phillips 66,reports,Energy,Oil & Gas Refining & Marketing
PNW,Pinnacle West Capital,reports,Utilities,Multi-Utilities
PXD,Pioneer Natural Resources,reports,Energy,Oil & Gas Exploration & Production
PNC,PNC Financial Services,reports,Financials,Regional Banks
POOL,Pool Corporation,reports,Consumer Discretionary,Distributors
PPG,PPG Industries,reports,Materials,Specialty Chemicals
PPL,PPL,reports,Utilities,Electric Utilities
PFG,Principal Financial Group,reports,Financials,Life & Health Insurance
PG,Procter & Gamble,reports,Consumer Staples,Personal Products
PGR,Progressive Corporation,reports,Financials,Property & Casualty Insurance
PLD,Prologis,reports,Real Estate,Industrial REITs
PRU,Prudential Financial,reports,Financials,Life & Health Insurance
PEG,PSEG,reports,Utilities,Electric Utilities
PTC,PTC,reports,Information Technology,Application Software
PSA,Public Storage,reports,Real Estate,Specialized REITs
PHM,PulteGroup,reports,Consumer Discretionary,Homebuilding
PVH,PVH,reports,Consumer Discretionary,"Apparel, Accessories & Luxury Goods"
QRVO,Qorvo,reports,Information Technology,Semiconductors
PWR,Quanta Services,reports,Industrials,Construction & Engineering
QCOM,Qualcomm,reports,Information Technology,Semiconductors
DGX,Quest Diagnostics,reports,Health Care,Health Care Services
RL,Ralph Lauren Corporation,reports,Consumer Discretionary,"Apparel, Accessories & Luxury Goods"
RJF,Raymond James Financial,reports,Financials,Investment Banking & Brokerage
RTX,Raytheon Technologies,reports,Industrials,Aerospace & Defense
O,Realty Income Corporation,reports,Real Estate,Retail REITs
REG,Regency Centers,reports,Real Estate,Retail REITs
REGN,Regeneron Pharmaceuticals,reports,Health Care,Biotechnology
RF,Regions Financial Corporation,reports,Financials,Regional Banks
RSG,Republic Services,reports,Industrials,Environmental & Facilities Services
RMD,ResMed,reports,Health Care,Health Care Equipment
RHI,Robert Half International,reports,Industrials,Human Resource & Employment Services
ROK,Rockwell Automation,reports,Industrials,Electrical Components & Equipment
ROL,Rollins,reports,Industrials,Environmental & Facilities Services
ROP,Roper Technologies,reports,Industrials,Industrial Conglomerates
ROST,Ross Stores,reports,Consumer Discretionary,Apparel Retail
RCL,Royal Caribbean Group,reports,Consumer Discretionary,"Hotels, Resorts & Cruise Lines"
SPGI,S&P Global,reports,Financials,Financial Exchanges & Data
CRM,Salesforce,reports,Information Technology,Application Software
SBAC,SBA Communications,reports,Real Estate,Specialized REITs
SLB,Schlumberger,reports,Energy,Oil & Gas Equipment & Services
STX,Seagate Technology,reports,Information Technology,"Technology Hardware, Storage & Peripherals"
SEE,Sealed Air,reports,Materials,Paper Packaging
SRE,Sempra Energy,reports,Utilities,Multi-Utilities
NOW,ServiceNow,reports,Information Technology,Systems Software
SHW,Sherwin-Williams,reports,Materials,Specialty Chemicals
SBNY,Signature Bank,reports,Financials,Regional Banks
SPG,Simon Property Group,reports,Real Estate,Retail REITs
SWKS,Skyworks Solutions,reports,Information Technology,Semiconductors
SNA,Snap-on,reports,Industrials,Industrial Machinery
SEDG,SolarEdge,reports,Information Technology,Semiconductor Equipment
SO,Southern Company,reports,Utilities,Electric Utilities
LUV,Southwest Airlines,reports,Industrials,Airlines
SWK,Stanley Black & Decker,reports,Industrials,Industrial Machinery
SBUX,Starbucks,reports,Consumer Discretionary,Restaurants
STT,State Street Corporation,reports,Financials,Asset Management & Custody Banks
STE,Steris,reports,Health Care,Health Care Equipment
SYK,Stryker Corporation,reports,Health Care,Health Care Equipment
SIVB,SVB Financial,reports,Financials,Regional Banks
SYF,Synchrony Financial,reports,Financials,Consumer Finance
SNPS,Synopsys,reports,Information Technology,Application Software
SYY,Sysco,reports,Consumer Staples,Food Distributors
TMUS,T-Mobile US,reports,Communication Services,Wireless Telecommunication Services
TROW,T. Rowe Price,reports,Financials,Asset Management & Custody Banks
TTWO,Take-Two Interactive,reports,Communication Services,Interactive Home Entertainment
TPR,Tapestry,reports,Consumer Discretionary,"Apparel, Accessories & Luxury Goods"
TGT,Target,reports,Consumer Discretionary,General Merchandise Stores
TEL,TE Connectivity,reports,Information Technology,Electronic Manufacturing Services
TDY,Teledyne Technologies,reports,Industrials,Aerospace & Defense
TFX,Teleflex,reports,Health Care,Health Care Equipment
TER,Teradyne,reports,Information Technology,Semiconductor Equipment
TSLA,Tesla,reports,Consumer Discretionary,Automobile Manufacturers
TXN,Texas Instruments,reports,Information Technology,Semiconductors
TXT,Textron,reports,Industrials,Aerospace & Defense
TMO,Thermo Fisher Scientific,reports,Health Care,Life Sciences Tools & Services
TJX,TJX Companies,reports,Consumer Discretionary,Apparel Retail
TSCO,Tractor Supply Company,reports,Consumer Discretionary,Specialty Stores
TT,Trane Technologies,reports,Industrials,Building Products
TDG,TransDigm Group,reports,Industrials,Aerospace & Defense
TRV,The Travelers Companies,reports,Financials,Property & Casualty Insurance
TRMB,Trimble,reports,Information Technology,Electronic Equipment & Instruments
TFC,Truist Financial,reports,Financials,Regional Banks
TWTR,Twitter,reports,Communication Services,Interactive Media & Services
TYL,Tyler Technologies,reports,Information Technology,Application Software
TSN,Tyson Foods,reports,Consumer Staples,Packaged Foods & Meats
UDR,UDR,reports,Real Estate,Residential REITs
ULTA,Ulta Beauty,reports,Consumer Discretionary,Specialty Stores
USB,U.S. Bancorp,reports,Financials,Diversified Banks
UAA,Under Armour (Class A),reports,Consumer Discretionary,"Apparel, Accessories & Luxury Goods"
UA,Under Armour (Class C),reports,Consumer Discretionary,"Apparel, Accessories & Luxury Goods"
UNP,Union Pacific,reports,Industrials,Railroads
UAL,United Airlines,reports,Industrials,Airlines
UNH,UnitedHealth Group,reports,Health Care,Managed Health Care
UPS,United Parcel Service,reports,Industrials,Air Freight & Logistics
URI,United Rentals,reports,Industrials,Trading Companies & Distributors
UHS,Universal Health Services,reports,Health Care,Health Care Facilities
VLO,Valero Energy,reports,Energy,Oil & Gas Refining & Marketing
VTR,Ventas,reports,Real Estate,Health Care REITs
VRSN,Verisign,reports,Information Technology,Internet Services & Infrastructure
VRSK,Verisk Analytics,reports,Industrials,Research & Consulting Services
VZ,Verizon Communications,reports,Communication Services,Integrated Telecommunication Services
VRTX,Vertex Pharmaceuticals,reports,Health Care,Biotechnology
VFC,VF Corporation,reports,Consumer Discretionary,"Apparel, Accessories & Luxury Goods"
VIAC,ViacomCBS,reports,Communication Services,Movies & Entertainment
VTRS,Viatris,reports,Health Care,Pharmaceuticals
V,Visa,reports,Information Technology,Data Processing & Outsourced Services
VNO,Vornado Realty Trust,reports,Real Estate,Office REITs
VMC,Vulcan Materials,reports,Materials,Construction Materials
WRB,W. R. Berkley Corporation,reports,Financials,Property & Casualty Insurance
WAB,Wabtec,reports,Industrials,Construction Machinery & Heavy Trucks
WMT,Walmart,reports,Consumer Staples,Hypermarkets & Super Centers
WBA,Walgreens Boots Alliance,reports,Consumer Staples,Drug Retail
DIS,The Walt Disney Company,reports,Communication Services,Movies & Entertainment
WM,Waste Management,reports,Industrials,Environmental & Facilities Services
WAT,Waters Corporation,reports,Health Care,Health Care Distributors
WEC,WEC Energy Group,reports,Utilities,Electric Utilities
WFC,Wells Fargo,reports,Financials,Diversified Banks
WELL,Welltower,reports,Real Estate,Health Care REITs
WST,West Pharmaceutical Services,reports,Health Care,Health Care Supplies
WDC,Western Digital,reports,Information Technology,"Technology Hardware, Storage & Peripherals"
WRK,WestRock,reports,Materials,Paper Packaging
WY,Weyerhaeuser,reports,Real Estate,Specialized REITs
WHR,Whirlpool Corporation,reports,Consumer Discretionary,Household Appliances
WMB,Williams Companies,reports,Energy,Oil & Gas Storage & Transportation
WTW,Willis Towers Watson,reports,Financials,Insurance Brokers
WYNN,Wynn Resorts,reports,Consumer Discretionary,Casinos & Gaming
XEL,Xcel Energy,reports,Utilities,Multi-Utilities
XLNX,Xilinx,reports,Information Technology,Semiconductors
XYL,Xylem,reports,Industrials,Industrial Machinery
YUM,Yum! Brands,reports,Consumer Discretionary,Restaurants
ZBRA,Zebra Technologies,reports,Information Technology,Electronic Equipment & Instruments
ZBH,Zimmer Biomet,reports,Health Care,Health Care Equipment
ZION,Zions Bancorp,reports,Financials,Regional Banks
ZTS,Zoetis,reports,Health Care,Pharmaceuticals
